gm_id,n_stems,wall_seconds,active_seconds,label,wall_hours,active_hours,active_frac
0,278801,20912098.334784582,17033507.64360544,Acoustic Grand Piano (0),5808.916204106828,4731.5299010015115,0.814528861279903
52,66907,11008316.691836735,7927540.289183673,Choir Aahs (52),3057.8657477324264,2202.0945247732425,0.7201410089393936
40,11592,2800779.9104988663,1817247.5946031746,Violin (40),777.9944195830184,504.7909985008818,0.6488362715653341
73,11708,2143235.194988662,1316589.3883219955,Flute (73),595.3431097190728,365.71927453388764,0.614300003751553
42,6071,1493301.0793197278,1020050.5362585034,Cello (42),414.80585536659106,283.34737118291764,0.6830843092427059
71,7688,1745357.0874376418,905709.312063492,Clarinet (71),484.82141317712274,251.58592001763668,0.518924934377276
128,12486,2403173.8265759638,851097.9847845805,Drums,667.54828515999,236.4161068846057,0.3541558148530699
57,8318,1663000.6748072563,845013.7343310658,Trombone (57),461.94463189090453,234.72603731418494,0.5081259118725275
60,6378,1477713.222086168,664149.4978231293,French Horn (60),410.47589502393555,184.4859716175359,0.4494441058634594
59,7628,1485030.916643991,643265.5144444444,Muted Trumpet (59),412.50858795666414,178.6848651234568,0.43316641238564574
58,5831,1002897.1736281179,634213.5654195012,Tuba (58),278.5825482300327,176.1704348387503,0.6323814465695887
41,3614,980908.6632653062,606679.9521088435,Viola (41),272.47462868480727,168.5222089191232,0.6184877092320622
6,2588,629819.3495238095,480970.0328798186,Harpsichord (6),174.9498193121693,133.60278691106072,0.7636634746828085
65,4543,818240.004739229,458408.4454648526,Alto Sax (65),227.28889020534137,127.33567929579239,0.5602371465703956
68,3312,930704.7852380952,451698.811814059,Oboe (68),258.529107010582,125.47189217057193,0.4853298478512757
70,2920,869981.5421315193,425315.4636054422,Bassoon (70),241.66153948097758,118.14318433484506,0.48887872099376706
16,2561,561393.6646485261,391844.57990929706,Drawbar Organ (16),155.94268462459058,108.8457166414714,0.6979853970290539
43,2593,676456.8163492064,389498.24990929704,Contrabass (43),187.9046712081129,108.19395830813806,0.5757917438268918
46,2884,714706.1201360545,376125.3369614512,Orchestral Harp (46),198.5294778155707,104.47926026706978,0.5262657284785115
19,3359,447506.5338095238,357580.853446712,Church Organ (19),124.3073705026455,99.32801484630889,0.7990516929500573
66,3078,534756.0578004535,310480.34698412695,Tenor Sax (66),148.54334938901485,86.24454082892416,0.5806018322844021
24,2620,345905.80569161,254737.09691609978,Acoustic Guitar (nylon) (24),96.08494602544721,70.7603046989166,0.7364348696223068
44,1588,363922.1481632653,223463.0830612245,Tremolo Strings (44),101.08948560090703,62.07307862811791,0.6140408991017852
56,2214,497329.4862358277,222168.48544217687,Trumpet (56),138.14707950995214,61.71346817838246,0.44672293035291144
37,1564,295026.06952380954,207628.87077097505,Slap Bass 2 (37),81.95168597883598,57.67468632527085,0.7037644880199942
67,1854,334221.98750566895,192422.8003628118,Baritone Sax (67),92.83944097379693,53.45077787855883,0.5757335171120302
74,995,203969.6186394558,148947.69074829933,Recorder (74),56.65822739984883,41.374358541194255,0.7302444929878736
53,1108,224540.82002267573,126015.13383219954,Voice Oohs (53),62.37245000629881,35.004203842277654,0.5612125840614354
91,3489,129793.70376417233,123246.26734693878,Pad 4 (choir) (91),36.05380660115898,34.23507426303855,0.9495550536940539
12,1319,261465.07142857142,109835.11911564626,Marimba (12),72.62918650793651,30.50975530990174,0.4200756855037583
48,996,164636.4090929705,103271.83083900227,String Ensemble 1 (48),45.732335859158475,28.68661967750063,0.6272721289777674
72,1620,274578.9846938776,101601.12287981859,Piccolo (72),76.27194019274377,28.22253413328294,0.37002512407528776
26,1010,185586.44113378684,99424.58120181406,Electric Guitar (jazz) (26),51.55178920382968,27.617939222726125,0.5357319241341568
47,1473,457689.00124716555,93061.83678004536,Timpani (47),127.13583367976821,25.850510216679265,0.20332985176934418
11,969,201196.95587301586,88687.80310657596,Vibraphone (11),55.88804329805996,24.635500862937764,0.4408009192870228
1,715,104604.59909297051,76243.36716553288,Bright Acoustic Piano (1),29.0568330813807,21.17871310153691,0.7288720364748903
33,473,86640.75854875284,69731.70725623582,Electric Bass (finger) (33),24.06687737465357,19.36991868228773,0.8048372200827134
64,533,100749.51884353741,61461.940430839,Soprano Sax (64),27.98597745653817,17.07276123078861,0.610046987185006
34,529,79038.12183673469,59812.0428798186,Electric Bass (pick) (34),21.955033843537414,16.614456355505165,0.7567492937568723
25,515,86961.72993197279,57840.18149659864,Acoustic Guitar (steel) (25),24.156036092214663,16.06671708238851,0.6651222502340404
21,638,80807.44628117915,54777.620997732425,Accordion (21),22.446512855883096,15.216005832703452,0.6778783827313037
28,474,76436.72235827665,53743.81702947846,Electric Guitar (muted) (28),21.23242287729907,14.928838063744015,0.703115143759942
32,449,98123.38022675736,51712.318616780045,Acoustic Bass (32),27.2564945074326,14.364532949105568,0.5270132204707575
27,520,99491.98349206349,51348.761519274376,Electric Guitar (clean) (27),27.636662081128748,14.263544866465104,0.5161095368389201
69,399,112765.88444444444,49982.80238095238,English Horn (69),31.323856790123454,13.884111772486772,0.4432440061743767
9,1039,224064.9158276644,45314.306870748296,Glockenspiel (9),62.24025439657345,12.58730746409675,0.202237403849521
4,346,71966.62943310657,36371.435759637185,Electric Piano 1 (4),19.99073039808516,10.103176599899218,0.5053930696232573
13,636,135782.59002267575,35824.24412698413,Xylophone (13),37.71738611740993,9.951178924162258,0.263835327644004
80,273,56095.887641723355,30780.59841269841,Lead 1 (square) (80),15.58219101158982,8.550166225749559,0.5487139914656457
81,248,48348.87977324263,24400.253786848072,Lead 2 (sawtooth) (81),13.430244381456287,6.777848274124464,0.5046705094572166
20,164,30714.736734693877,22877.27424036281,Reed Organ (20),8.531871315192744,6.354798400100781,0.7448305495166999
30,144,39835.40825396826,22658.086394557824,Distortion Guitar (30),11.06539118165785,6.293912887377173,0.5687926241423849
14,551,133066.63655328797,21417.199863945578,Tubular Bells (14),36.962954598135546,5.949222184429328,0.16095093720482542
61,187,43451.43002267573,17579.635782312926,Brass Section (61),12.069841672965481,4.8832321617535905,0.4045812939444973
22,174,23777.5679138322,15417.784376417234,Harmonica (22),6.604879976064501,4.282717882338121,0.6484172154313644
29,118,24966.521904761903,14367.643151927437,Overdriven Guitar (29),6.935144973544973,3.9910119866465106,0.5754763601728231
39,127,22979.036780045353,14024.620272108843,Synth Bass 2 (39),6.38306577223482,3.8957278533635673,0.6103223736639654
79,130,30696.70240362812,14021.063106575964,Ocarina (79),8.52686177878559,3.894739751826657,0.4567612156580956
114,155,30968.57977324263,13999.449138321996,Steel Drums (114),8.602383270345175,3.88873587175611,0.4520533147089216
54,158,22945.6577324263,13294.440702947846,Synth Voice (54),6.373793814562862,3.6929001952632907,0.5793880854485349
51,126,27379.706077097508,12612.28732426304,Synth Strings 2 (51),7.605473910304863,3.503413145628622,0.460643634696025
63,123,27533.17172335601,11984.4241723356,Synth Brass 2 (63),7.64810325648778,3.329006714537667,0.43527219794185135
75,99,24467.03498866213,11078.83126984127,Pan Flute (75),6.796398607961703,3.077453130511464,0.45280645059669594
5,86,17141.158231292517,10406.244920634921,Electric Piano 2 (5),4.761432842025699,2.890623589065256,0.6070911183608066
103,130,25666.32700680272,10293.983310657597,FX 8 (sci-fi) (103),7.129535279667422,2.859439808515999,0.4010695923857447
8,151,44208.82657596372,10244.845351473923,Celesta (8),12.280229604434368,2.845790375409423,0.23173755435173735
3,91,15261.084535147393,10183.960770975056,Honky-tonk Piano (3),4.239190148652053,2.8288779919375155,0.6673156647236079
89,102,36988.480158730155,9586.770272108843,Pad 2 (warm) (89),10.274577821869487,2.6629917422524563,0.259182594985486
105,123,22267.926462585034,9362.930884353742,Banjo (105),6.185535128495843,2.600814134542706,0.42046711893383987
90,98,22483.550476190478,8454.508117913832,Pad 3 (polysynth) (90),6.245430687830688,2.3484744771982866,0.37603082871039195
88,73,16143.469909297051,8109.845986394557,Pad 1 (new age) (88),4.484297197026959,2.25273499622071,0.5023607707611908
2,69,11713.763605442176,7332.766780045352,Electric Grand Piano (2),3.2538232237339377,2.036879661123709,0.6259957966574101
35,50,8439.382335600907,7078.911723356009,Fretless Bass (35),2.344272871000252,1.9663643675988913,0.8387950020339932
7,67,11979.72462585034,6669.659886621315,Clavinet (7),3.3277012849584278,1.8526833018392543,0.5567456761259144
100,64,13231.93179138322,6026.1780725623585,FX 5 (brightness) (100),3.675536608717561,1.673938353489544,0.45542692991258255
99,70,13468.869659863945,5983.943696145125,FX 4 (atmosphere) (99),3.74135268329554,1.6622065822625347,0.44427957558879305
95,70,15074.915555555555,5561.316961451247,Pad 8 (sweep) (95),4.187476543209876,1.544810267069791,0.36891198102942185
85,60,9647.15560090703,5446.276145124717,Lead 6 (voice) (85),2.679765444696397,1.512854484756866,0.5645473516165382
17,41,9248.363922902494,5107.839727891156,Percussive Organ (17),2.568989978584026,1.4188443688586545,0.5522965759643376
117,78,14191.932517006802,5101.573242630386,Melodic Tom (117),3.942203476946334,1.4171036785084405,0.35946994790997994
23,46,6555.207097505669,4388.528888888889,Tango Accordion (23),1.8208908604182412,1.219035802469136,0.6694721957081683
109,65,7538.947482993197,4351.420226757369,Bagpipe (109),2.094152078609221,1.2087278407659359,0.577192006785239
18,48,8822.032925170068,3941.2844897959185,Rock Organ (18),2.45056470143613,1.0948012471655328,0.44675467924757717
94,55,10926.38088435374,3901.204149659864,Pad 7 (halo) (94),3.0351058012093723,1.0836678193499623,0.35704449542357386
78,64,13915.749387755102,3757.027006802721,Whistle (78),3.865485941043084,1.0436186130007559,0.2699838077070176
96,40,7830.291156462585,3614.6681632653062,FX 1 (rain) (96),2.1750808767951626,1.0040744897959184,0.46162627813424373
50,27,7603.172426303855,3350.3797052154196,Synth Strings 1 (50),2.1119923406399597,0.9306610292265054,0.44065549449128383
36,17,5527.279455782313,3348.6448979591837,Slap Bass 1 (36),1.5353554043839757,0.9301791383219955,0.6058396223219779
10,59,16678.52961451247,3022.108367346939,Music Box (10),4.632924892920131,0.8394745464852608,0.18119752983004658
15,47,7756.996621315193,2965.540158730159,Dulcimer (15),2.154721283698665,0.8237611552028219,0.3823052018072626
38,24,4622.022448979592,2937.681179138322,Synth Bass 1 (38),1.2838951247165533,0.816022549760645,0.6355834943611918
97,33,10212.455328798185,2798.488752834467,FX 2 (soundtrack) (97),2.8367931468883847,0.777357986898463,0.27402702511148186
107,42,9452.811609977323,2778.8961224489794,Koto (107),2.6257810027714785,0.771915589569161,0.29397561668486966
98,33,7093.714376417233,2356.668911564626,FX 3 (crystal) (98),1.9704762156714537,0.6546302532123961,0.332219312268799
62,22,3543.021133786848,2184.89843537415,Synth Brass 1 (62),0.9841725371630133,0.606916232048375,0.6166766589503486
49,21,3311.804671201814,2125.9690249433106,String Ensemble 2 (49),0.9199457420005039,0.5905469513731418,0.6419367191036125
93,24,6814.734512471655,1924.8486848072562,Pad 6 (metallic) (93),1.8929818090199042,0.5346801902242379,0.2824539505221499
87,16,4110.681201814059,1827.8601814058957,Lead 8 (bass + lead) (87),1.1418558893927941,0.5077389392794155,0.4446611380613155
102,27,9483.299410430838,1694.5232199546485,FX 7 (echoes) (102),2.6342498362307882,0.4707008944318468,0.1786849857435498
110,18,2873.8742857142856,1588.1153741496598,Fiddle (110),0.7982984126984127,0.4411431594860166,0.5526043299959248
108,21,3283.693424036281,1570.9886621315193,Kalimba (108),0.9121370622323003,0.4363857394809776,0.4784212346475624
92,22,3874.064739229025,1426.425351473923,Pad 5 (bowed) (92),1.0761290942302846,0.39622926429831196,0.3681986356680748
45,18,3696.4890702947846,1008.6512471655328,Pizzicato Strings (45),1.026802519526329,0.2801809019904258,0.2728673690045824
104,12,2177.3743310657596,972.785850340136,Sitar (104),0.6048262030738221,0.27021829176114887,0.4467701471726207
106,15,2254.985918367347,945.0387301587301,Shamisen (106),0.626384977324263,0.26251075837742505,0.41908852842990535
119,52,12789.53120181406,916.5106349206349,Reverse Cymbal (119),3.552647556059461,0.25458628747795414,0.07166100308591745
116,12,3905.491882086168,854.9474603174604,Taiko Drum (116),1.0848588561350467,0.237485405643739,0.21890903530972886
55,17,4992.088526077097,852.6418820861678,Orchestra Hit (55),1.386691257243638,0.23684496724615772,0.17079863019901095
31,14,4858.134807256236,719.7572108843538,Guitar Harmonics (31),1.34948189090451,0.19993255857898715,0.14815505115446895
84,11,1132.8072562358277,590.3239909297052,Lead 5 (charang) (84),0.31466868228772993,0.16397888636936256,0.5211160042276527
112,17,3084.8957823129253,573.512925170068,Tinkle Bell (112),0.8569154950869237,0.15930914588057443,0.18590998388285004
82,6,1144.295328798186,572.1880498866213,Lead 3 (calliope) (82),0.31785981355505166,0.15894112496850593,0.5000352928885682
101,11,1105.8967800453515,533.5166893424037,FX 6 (goblins) (101),0.3071935500125976,0.1481990803728899,0.48242901052711695
76,4,808.9280725623582,511.86770975056686,Blown Bottle (76),0.22470224237843284,0.142185474930713,0.6327728349557411
77,7,914.9619954648526,479.25,Shakuhachi (77),0.25415610985134796,0.133125,0.5237922475200883
83,4,1096.7960090702948,447.9726303854875,Lead 4 (chiff) (83),0.3046655580750819,0.12443684177374653,0.4084375095102817
111,7,942.0785487528344,280.7409750566893,Shanai (111),0.26168848576467624,0.0779836041824137,0.29800166390408395
127,9,1147.3153741496599,257.98909297052154,Gunshot (127),0.3186987150415722,0.07166363693625598,0.22486327541956963
118,4,543.9994331065759,245.253537414966,Synth Drum (118),0.15111095364071553,0.06812598261526832,0.45083417829025185
115,4,694.7236281179138,193.5,Woodblock (115),0.1929787855883094,0.05375,0.2785280249128905
122,6,1942.2084353741498,123.5,Seashore (122),0.5395023431594861,0.034305555555555554,0.06358740789641808
113,3,390.7207256235828,117.25,Agogo (113),0.10853353489543967,0.03256944444444444,0.300086461533033
126,3,526.6271201814059,86.62294784580499,Applause (126),0.14628531116150162,0.024061929957168052,0.16448630259673336
120,4,879.6081632653061,52.75,Guitar Fret Noise (120),0.24433560090702947,0.014652777777777778,0.05996988454970674
123,3,877.3021315192744,18.0,Bird Tweet (123),0.2436950365331318,0.005,0.02051744701546361
